"row.ID","Ctd.Mean","Ctd.Sigma","Ctd.Skewness","Cst.Mean","Cst.Sigma","Cst.Skewness","Fct.Mean","Fct.Sigma","Ftf.Mean","Ftf.Sigma","Ftf.Skewness","Unit.Weights.Wlambda1","Unit.Weights.Wlambda2","Unit.Weights.wlambda3","Unit.Weights.WT","Unit.Weights.WA","Unit.Weights.WV","Atomic.Masses.Wlambda1","Atomic.Masses.Wlambda2","Atomic.Masses.wlambda3","Atomic.Masses.Wnu1","Atomic.Masses.Weta1","Atomic.Masses.Weta3","Atomic.Masses.WT","Atomic.Masses.WA","Atomic.Masses.WV","Atomic.Masses.WK","Atomic.Polarizabilities.Wlambda1","Atomic.Polarizabilities.Wlambda2","Atomic.Polarizabilities.wlambda3","Atomic.Polarizabilities.Wnu1","Atomic.Polarizabilities.Weta1","Atomic.Polarizabilities.WT","Atomic.Polarizabilities.WA","Atomic.Polarizabilities.WV","Atomic.Polarizabilities.WK","VdW.Volumes.Wlambda1","VdW.Volumes.Wlambda2","VdW.Volumes.wlambda3","VdW.Volumes.Wnu1","VdW.Volumes.Weta1","VdW.Volumes.Weta3","VdW.Volumes.WT","VdW.Volumes.WA","VdW.Volumes.WV","VdW.Volumes.WK","Atomic.Electronegativities.Wlambda1","Atomic.Electronegativities.Wlambda2","Atomic.Electronegativities.wlambda3","Atomic.Electronegativities.Wnu1","Atomic.Electronegativities.WT","Atomic.Electronegativities.WA","Atomic.Electronegativities.WV","Atomic.Electronegativities.WK"
"CSAR_18",4.66768550872803,4.22990560531616,-0.185295581817627,4.67361831665039,5.01016235351562,-0.274393796920776,8.70830631256104,22.0641498565674,8.41967105865479,18.5920867919922,-0.113776639103889,1.98674008086713,3.5510821838305,26.6520213101397,32.1898435748374,154.649234315557,374.871148569783,1.44399267574131,2.35347102665687,22.8927799478037,0.0541018918622868,0.184593510163191,0.448306186165445,26.6902436502019,90.3328958238352,194.821846669212,0.393290679016447,1.67131374238987,3.02412012437529,25.1624322117448,0.0559756594123379,0.241855037599389,29.85786607851,123.202789899715,280.23796761926,0.382055355502833,24.7088193360679,1.60262406232031,2.87909840374014,0.846466622769788,0.515294897702844,0.238665289860664,29.1905418021284,115.352183107907,258.551994094428,-0.176026593906946,26.3237226363478,1.96630597275576,3.4739976883542,0.828727516777513,31.7640262974577,150.039987036516,361.619846520435,-0.167973299673468
"CSAR_20",4.81451797485352,4.42719745635986,-0.188811928033829,4.93135643005371,4.61242723464966,-0.36103343963623,9.24477100372314,23.0759944915771,8.50448894500732,18.4314479827881,-0.133779183030128,1.82476892390039,4.4606174101876,23.9532987538714,30.2386850879594,158.695332675429,383.904193242198,27.0404220454521,1.40114869167093,3.05542708493788,0.858507918697973,0.763126088438868,0.169185731229681,31.4969978220609,124.788797539597,272.048753379209,-0.177244801976068,1.55136645118517,3.79052364917616,24.2627592013557,0.0524027977961959,0.231112566835368,29.6046493017171,135.489484406929,307.771076207795,0.364669311416615,23.8313970197745,1.4966467055235,3.65526374282857,0.822245599332729,0.592629237033214,0.243198100684293,28.9833074681266,128.247861743527,287.604125791756,-0.155412872214938,24.2447491877942,1.8092379449422,4.36761419367625,0.796958349682415,30.4216013264127,157.658284198962,379.663186532939,-0.142322872484258
"Model_54",4.45614814758301,2.65315270423889,0.192564308643341,4.58833265304565,4.72937726974487,0.0857378169894218,8.14378929138184,17.0965270996094,8.05345058441162,13.8135271072388,-0.251625746488571,1.58437970499273,4.45084147825044,15.7332526881718,21.7684738714149,102.005482813252,234.722068412872,1.30182036987058,4.1657141445815,20.8726062494265,0.0494234401228342,0.202163994103463,0.976708324211126,26.3401407638786,119.544706603782,259.077231687602,0.344319325299033,16.9137422592216,1.22482879191749,4.04684858563052,0.762380993289356,0.640806013637227,22.1854196367696,94.1204891018271,200.142198574202,-0.113192290751511,16.6957933188983,1.22150321441316,3.95980500694017,0.763162948628261,0.624103114063502,0.327715382536655,21.8771015402516,91.3429657296506,193.976192804825,-0.114248298626722,16.2870800539126,1.63828301137456,4.4835035541876,0.726814092407426,22.4088666194748,107.051275570541,249.092779565165,-0.099942091104315
"Model_52",4.98635339736938,4.33212900161743,-0.236562728881836,5.01933860778809,4.94889116287231,-0.213734403252602,9.01777839660645,21.3934955596924,8.69218444824219,22.8130874633789,-0.189668953418732,2.19982686962266,4.81804221789448,27.7449473072773,34.7628163947944,205.309266772434,534.136860145598,1.51325284998524,3.69638621659539,24.5580415521915,0.0508354301890404,0.156020838149709,0.465891567137185,29.7676806187722,133.532099645917,300.66683050859,0.368742568493177,1.85369189173153,4.30688692677555,26.5029429526397,0.0567511337178891,0.234974133803889,32.6635217711468,171.257110356902,415.510624037869,0.358544521125038,1.76696700888047,4.17357968472734,26.085311777401,0.0551731348741207,0.213918723474172,0.52424424737249,32.0258584710088,162.335590242815,386.729604945492,0.360880855879661,2.1559343057353,4.73788346079265,27.4814266420607,0.0627176429674096,34.3752444085886,199.666512724271,514.752589318541,0.349590499970259
"Model_53",5.25869083404541,4.42007827758789,-0.105319529771805,5.27950620651245,5.41207218170166,-0.181872740387917,10.0558300018311,25.2588405609131,8.67935562133789,22.9608573913574,0.0742579773068428,2.37776651491205,5.75481372665808,27.7742920994288,35.906872340999,239.560262530216,655.519532086843,29.7369129232877,1.85976386311284,4.09824054458817,0.833085356314061,0.700431963125662,0.174824928596261,35.6949173309887,184.794417935538,447.136938811357,-0.163890249977615,27.4220822178591,2.08817268863239,5.05487195185013,0.793345337057293,0.591063032285263,34.5651268583417,206.432602971537,530.450025668424,-0.1403185288622,26.9164592982031,1.99435950940988,4.89204766156338,0.796277419926717,0.569559805750402,0.255574882952005,33.8028664691763,195.114200102681,491.52754947333,-0.141457851673076,2.34140716545741,5.60455168038963,28.0564398165592,0.0650347546954506,36.0023986624063,236.057853607005,640.231934858588,0.334470219879873
"CSAR_17",4.65416431427002,3.74829411506653,-0.217703312635422,4.70387506484985,4.63077068328857,-0.379927456378937,9.00878238677979,20.7893447875977,7.79889535903931,15.7167205810547,-0.0823821797966957,1.75936464172312,4.49700110133296,20.531208673597,26.7875744166531,136.362615340504,325.590335556345,1.42229597081369,3.04738850035935,24.1088175649553,0.0497680378424192,0.17475777090727,0.836635018582804,28.5785020361284,112.09309587399,245.166165871611,0.382699822784906,1.51810796244024,3.78616586166856,21.0647955744269,0.057571541092176,0.242517260752491,26.3690693985357,117.481252317354,264.926733648134,0.349133645637775,1.47235126355393,3.59683717089687,20.7427371919993,0.0570415119298645,0.2290131007892,0.62298335524542,25.8119256264501,110.444651225903,246.106125299812,0.352707954421571,20.9262745748327,1.75655836450588,4.36856471022496,0.773574616954046,27.0513976495636,135.849646149092,323.481718044702,-0.12888154338223
"CSAR_15",4.53933763504028,3.93107748031616,-0.154043823480606,4.54239416122437,4.74312543869019,-0.283562630414963,8.36087512969971,20.2598991394043,8.13819217681885,16.7301349639893,-0.0850962921977043,1.94298511290885,3.52623641900011,24.8240913391768,30.2933128710858,142.619879729015,342.993589294921,21.4887134750963,1.42177389073504,2.27901478581481,0.853082103240059,0.456288875380873,0.197750525815209,25.1895021516461,82.7654312213311,177.583602241566,-0.182143911417106,1.64375915311779,2.93368233903295,23.3903831076827,0.0587732216086472,0.271360824364941,27.9678245998335,111.890377351534,252.652879139742,0.377248904116286,22.9987166805494,1.57971400290332,2.78191595583595,0.840585720048002,0.513968861907937,0.265619459562775,27.3603466392886,104.706523276775,233.137756777553,-0.173742305081731,24.5415313564304,1.92393847096677,3.45016164894509,0.820358125344545,29.9156314763423,138.526545332873,331.346376569974,-0.163502703803691
"CSAR_16",4.88982677459717,4.3968653678894,-0.126627057790756,4.99198722839355,4.73626899719238,-0.32904514670372,9.32046985626221,22.8901977539062,9.17850780487061,19.4677715301514,-0.302334070205688,1.96574986152885,5.49343686915967,23.9478804275101,31.4070671581987,189.430434677867,479.444023378958,1.47083882813168,3.55089284584505,25.9340437714113,0.0475141974952794,0.162729130636365,0.68805938013088,30.955775445388,135.456600113399,301.860467834259,0.378332921682836,24.0488487628538,1.66996534840357,4.65137022173225,0.791857187930556,0.582618695912841,30.3701843329896,159.788470198333,376.961143734459,-0.135133141503202,23.7059915740347,1.61400385594046,4.49770377661586,0.79503087779471,0.568286325498554,0.252352270037484,29.817699206591,152.143400878679,354.050271134558,-0.136869948982641,24.1299339671566,1.93973106801834,5.31903467801549,0.768745892236386,31.3886997131904,185.471034951668,465.820251560918,-0.122907255000588
"Model_50",5.1345043182373,4.38200378417969,-0.223278313875198,5.17456245422363,4.99032926559448,-0.329468607902527,9.07397937774658,24.0569820404053,8.39964962005615,24.0913028717041,0.108203038573265,2.05086953980864,4.92413052519992,25.706637676358,32.6816377413666,189.402548767923,481.689075856075,27.463932690727,1.67091445427067,3.41650063627608,0.843711076889005,0.691924521683444,0.167304972063257,32.5513477812738,145.429105912744,334.763265101147,-0.171282046616787,1.6779968953723,4.39186839524468,24.7010738773211,0.054531871328799,0.211245506267588,30.7709391679381,157.301732501022,370.108261495454,0.352055247871468,24.8575869463322,1.6490272044984,4.19883087353071,0.809549802212946,0.564573383139312,0.25105766652489,30.7054450243613,152.28762696196,355.106664386936,-0.147440888655105,2.076182376546,4.72914689210325,26.3862176980493,0.062551539963746,33.1915469666986,189.385471022968,481.651981317372,0.34622599975205
"Model_51",4.86819362640381,4.11218738555908,-0.37462317943573,4.9124321937561,4.67328357696533,-0.242558926343918,8.45082473754883,21.6948795318604,7.99594831466675,19.9837646484375,0.0534051582217216,1.81807172876249,5.01411967244961,24.2774509587085,31.1096423599206,174.984220904549,427.407815618182,23.4025250521181,1.30887920493564,3.64013959259153,0.825440941637148,0.568541351672799,0.185149808382306,28.3515438496453,120.584039408339,260.436984446276,-0.153705254679533,1.50561111253939,4.46015453589141,23.6094429414308,0.0509078780616111,0.198937582539673,29.5752085898616,147.563661911456,335.682376587497,0.348713687927905,23.4657297044177,1.44226243458513,4.29129391814872,0.803640529377616,0.569569819695428,0.258089714101907,29.1992860571516,140.731255632209,315.163979261909,-0.139775714642062,24.3065677065582,1.79594047909737,4.87935211673254,0.784541905144561,30.9818603023882,171.016477419836,414.9974219759,-0.131882041561355
"CSAR_14",4.61941194534302,3.88099956512451,-0.295494377613068,4.7377233505249,4.07843399047852,-0.502318322658539,8.18770980834961,16.7371234893799,7.96394538879395,19.550853729248,-0.151909306645393,1.80112971438491,4.20722006207348,22.9601174122821,28.9684671887405,145.5301653903,348.48464091851,1.2707760008441,3.3284562669554,21.2891322790665,0.0490867624543683,0.130601162361144,0.515764736206898,25.888364546866,102.143386475241,218.078869505246,0.366757739964412,1.54584083304907,3.57142685197731,21.9649715847439,0.0570795057842417,0.20297446027778,27.0822392697703,117.921496753167,266.269213256015,0.35828532398893,21.739013215973,1.47656273600505,3.45169297863294,0.815194584512518,0.540507245345164,0.237059211309137,26.667268930611,112.23205734059,249.69527729202,-0.152923327442688,22.9046816216056,1.75889260445361,4.19696556972496,0.79363316776741,28.8605397957842,143.799046964733,341.74221451574,-0.140933288165541
"Model_48",5.00853109359741,4.30811357498169,-0.171271145343781,5.02901840209961,5.21548557281494,-0.0302126854658127,9.67507171630859,23.8109130859375,8.92964935302734,16.7930564880371,-0.329676508903503,1.91426521913074,5.15155837390955,23.5198487141511,30.5856723071913,176.048550968684,438.574012316752,1.37811882416804,4.90316143454887,27.3457796217791,0.0409824358437996,0.147396385753307,0.802624528196764,33.627059880496,178.523644768391,396.929940555064,0.359905676833493,24.7310432112009,1.59428018743602,4.92182509543249,0.791465602561935,0.657958311904586,31.2471484940694,168.996849555029,394.302762353815,-0.131865418142875,1.52560589344697,4.70704980612422,24.2967067313287,0.0499717574155054,0.182367069336408,0.635493459132137,30.5293624308998,158.614110614797,363.620624821216,0.346885378453001,23.7299847853454,1.88438153398114,5.11449029648346,0.772237805071352,30.72885661581,175.720773121927,435.150943005251,-0.125170502751832
"Model_49",4.97159624099731,4.1919846534729,-0.451239675283432,4.98481512069702,4.55803489685059,-0.320488005876541,8.92608261108398,16.584192276001,8.44798469543457,22.1162128448486,-0.140178889036179,1.87944062749005,5.03960103527614,23.9494601179602,30.8685017807264,175.178943288963,432.887892328592,24.4986294640441,2.28892758096092,4.69607780958385,0.778138533787287,0.627846219778934,0.318255275479881,31.4836348545889,181.872040888002,476.69100338327,-0.138130504198294,1.88664120533616,4.65673415762364,24.1581161378768,0.0614511254374973,0.290360549763906,30.7014915008366,166.861208496174,409.805920068,0.340153318867713,1.76659188706915,4.48244973962554,23.9148103857627,0.0585665214886867,0.253982115368688,0.598363919231185,30.1638520124573,157.363304939359,376.90039367823,0.344622589379983,1.92885072329543,5.01507222427367,23.9142520159581,0.0625069604918384,30.8581749635272,175.732049034731,437.920572313661,0.331229740033805
"Model_46",4.32742977142334,2.51882171630859,0.311869919300079,4.49066972732544,4.4360728263855,0.0977609157562256,8.30095767974854,16.3597984313965,7.80601501464844,12.5460834503174,-0.243204161524773,1.16775122331167,4.60925449245401,15.3494206647161,21.1264263804818,94.0561534858747,197.800262097885,19.5094237825393,1.49328515729248,4.14411592621194,0.775820561302086,0.847516735688361,0.329200291065389,25.1468248660437,116.170793572945,262.048698726413,-0.126402410196292,1.18290469964174,4.09395133892779,16.7957549130106,0.05359151675516,0.252763503260363,22.0726109515802,93.4715350139762,196.881859938268,0.32069896318071,16.4453214248093,1.10665830494893,4.023095554335,0.762237035480198,0.598362074726416,0.318281161017144,21.5750752840932,88.812643152888,183.605448678437,-0.110147803610407,1.20348085077327,4.64409159418625,15.5887307896307,0.0561421826143649,21.4363032345902,96.7453079201769,205.308201413717,0.295408784540667
"CSAR_13",4.96014213562012,4.26066541671753,-0.226100742816925,5.05373859405518,4.64338970184326,-0.432183265686035,9.48285579681396,23.0486736297607,8.06788158416748,19.3709621429443,-0.104822993278503,1.93559183529663,6.10253934997282,23.7553944641242,31.7935256493936,202.761002400838,515.15384943128,26.3656544610246,1.51792286053559,4.11611444698204,0.823934638237477,0.757314601960908,0.154257737030487,31.9996917685422,154.793025086186,351.523855136441,-0.153527638404588,24.2845518769556,1.6646076667164,5.24802136227274,0.778421356409421,0.632439087681346,31.1971809059447,176.605994855366,419.950509807767,-0.123834240549776,1.59379171164372,5.07018864882793,23.8751223578222,0.0521885572849194,0.198119375939158,0.612183633644596,30.5391027182938,167.184171141357,390.653951010462,0.336341449961469,23.9120525287732,1.91746694058885,5.94937988599374,0.752450620186229,31.7788993553558,199.520193801453,504.081553299031,-0.109591269521318
"CSAR_34",3.75712585449219,1.68935883045197,0.13887083530426,3.86665344238281,2.54159283638,-0.1283158659935,6.72324085235596,10.8072290420532,6.34750699996948,10.4932956695557,-0.228609845042229,0.469060068463747,6.03055770442233,9.9960441104522,16.4956618833383,67.7991597685592,112.570569748731,11.7464472448319,4.56476156039704,0.332728795616287,0.705749296022077,0.662092862727165,0.168934385127699,16.6439376008452,59.0469397152499,93.5317057845625,-0.235006757253191,9.15396047342863,5.43300954627195,0.36795494038607,0.612103403919426,0.402856458092246,14.9549249600867,55.1009023223462,88.3555344145683,-0.231546801068806,9.39119868208603,5.27568790321375,0.353286407349525,0.625239049289377,0.422604882327767,0.216778802014348,15.0201729926493,54.7266449524817,87.2504047559625,-0.23235940387359,10.5887851091203,5.86938800467564,0.465451927965013,0.62568067320041,16.923625041761,69.810176710157,115.661493995234,-0.229372684923452
"Model_45",5.2726354598999,4.56272029876709,-0.0517513900995255,5.28730821609497,5.57863521575928,-0.130298346281052,10.1087741851807,25.711856842041,9.18723106384277,24.4343357086182,-0.127509653568268,2.36352080826759,5.25904981521661,28.8020694572116,36.4246400806958,231.975682210073,626.406407077906,1.85357496847557,3.92748745275322,30.405149473865,0.051223238670276,0.213498295449703,0.673679179690427,36.1862118950938,183.053959466631,440.586388892868,0.380180969798902,28.6672180192639,4.67816381544673,2.07197440738387,0.809411572769854,0.592218488664323,35.4173562420945,203.200719793206,516.490443691482,-0.206123749189078,28.088019508207,1.98172741470992,4.55653852453551,0.811176224802754,0.568640861083033,0.265142606690253,34.6262854474524,192.676758561625,480.932728775034,-0.151306078626662,2.34234056847987,5.16340322794508,28.9120024633656,0.0643186580457364,36.4177462597906,229.100531983865,615.193013252542,0.345424046640302
"Model_44",4.26329231262207,2.52681756019592,0.413728535175323,4.39602756500244,4.37135791778564,0.186633601784706,8.38584327697754,15.2928218841553,7.62974691390991,12.1827764511108,-0.202386528253555,1.08130979241189,4.59546737899174,15.320633622099,20.9974107935026,91.9409470749836,189.068484220221,0.919975701217147,4.4632717484896,18.9194183765396,0.0378549294877599,0.228681612182502,0.807230122927472,24.3026658262464,105.954012281981,207.941731352957,0.33386861276265,16.4938918656187,0.958026112929915,4.19846799553353,0.761828998585229,0.606571450727516,21.6503859740821,89.0728982047174,177.065708355665,-0.104559128857117,16.1676376885303,0.905334958958198,4.11413691202401,0.763088407275046,0.582687345112075,0.333376454964196,21.1871095595125,84.8776745702054,166.283931088035,-0.104364151214169,15.4817715996506,1.07842023942072,4.66443740635854,0.729424830965383,21.2246292454298,93.9398341057896,193.041237839872,-0.0851760111182069
"Model_43",5.2141489982605,4.3368673324585,-0.0766406357288361,5.2176342010498,5.35193157196045,-0.136259809136391,10.0379314422607,24.8991088867188,8.94662570953369,23.5317554473877,-0.125250399112701,2.37913576576595,5.30311090386783,26.4960052878495,34.1782519574833,216.165669202397,584.639272354653,28.9832536751715,1.79895081919881,4.01890038528616,0.832825675374293,0.70135746863712,0.208798239213989,34.8011048796565,175.850061444379,420.194413746734,-0.163388517422428,2.06945502486829,4.71063756107886,26.4320322563135,0.0623102266023949,0.260342296452491,33.2121248422606,188.960078503655,479.843616154583,0.346891174123557,26.0157540804616,1.97062400811956,4.58889212627835,0.798635096773327,0.561611011411771,0.266262993130889,32.5752702148595,179.693739634031,447.528979561682,-0.144347182018499,26.8391454620733,2.33244592814021,5.19398741566499,0.780989187281847,34.3655788058785,214.117734123466,573.631368854354,-0.136645571030441
"CSAR_12",4.46849727630615,3.80234479904175,-0.421275854110718,4.49258232116699,4.36116075515747,-0.447465568780899,7.60972690582275,18.6414413452148,6.86370849609375,17.1058559417725,0.103416845202446,1.72738336701353,3.87470236529275,21.5284576395891,27.1305433718954,127.297361799237,298.519947882325,20.2168754000608,1.21795762816929,2.84673542733445,0.832601709278288,0.556914604139714,0.207321974784512,24.2815684555645,85.6425961717132,180.020178275029,-0.16207110140319,20.8311538676516,1.45082619920969,3.19629315151038,0.817604619006551,0.591148540180278,25.4782732183716,101.442124080757,223.519995632483,-0.155911211364818,20.6694832333446,1.38584214483918,3.06060670482238,0.822963016663431,0.58231336952226,0.240150055465244,25.1159320830061,96.147317706324,208.933230020202,-0.158605620487008,21.4513013511294,1.69758132553008,3.85126514709583,0.794488292847645,27.0001478237553,125.567813628825,292.813047240462,-0.143020998285774
"CSAR_37",4.40587615966797,2.87419390678406,0.191929161548615,4.46710729598999,3.94676804542542,-0.205794483423233,8.14336013793945,15.574182510376,7.20076465606689,14.6977205276489,-0.00537918321788311,1.3995639370526,6.0985066746817,18.2019210123466,25.6999916240809,145.014539031545,326.072477190295,16.3142017947979,5.31717439677335,1.10194587469898,0.717633865707798,0.401938485700815,0.246701067505809,22.7333220662702,110.582061845457,228.904181395781,-0.213645462655435,17.3869720753386,5.60495135229909,1.16909334762665,0.719629154561869,0.448621215964464,24.1610167752644,124.332837374448,262.425663231594,-0.213709308309505,17.0972322114843,5.53103045844819,1.13570780619339,0.719460253018778,0.433979986196555,0.27241523362859,23.7639704761259,120.264406671718,251.4269403141,-0.214156627130101,1.40506840002225,6.07873399831389,18.0292223470517,0.055072591903328,25.5130247453878,143.468174494173,322.969455345602,0.280000534834005
"CSAR_19",4.54881763458252,3.0121762752533,-0.191032752394676,4.50730276107788,3.93430352210999,-0.30387556552887,7.80313158035278,17.4452304840088,7.67801237106323,16.4503192901611,-0.205538362264633,1.67584257678145,5.52854309712699,20.6109229680479,27.8153086419563,157.754006066771,376.528854597745,1.15893471718359,3.93570902805191,18.7597573480766,0.0485836853606236,0.120262349636535,0.487372482860944,23.8544010933121,100.135510264857,209.557476165438,0.339820635446686,1.32606665802415,4.81046218906967,20.4438258548217,0.0498889752561725,0.160954419535492,26.5803547019155,131.833120621687,288.824507947125,0.32684969079857,1.26313830108323,4.62243832867204,20.202276142728,0.0484186380573088,0.145474784911029,0.56341099508566,26.0878527724833,124.740823230843,268.785299623738,0.330795485131976,20.2969583058163,1.66471569910864,5.39911917847505,0.741826385286616,27.3607931834,152.362360447253,362.152183580669,-0.102002120087913
"CSAR_22",4.95390844345093,2.55162668228149,0.0878080874681473,5.17839384078979,4.9840145111084,0.0418961606919765,8.92605018615723,16.2062225341797,7.34364223480225,11.7852821350098,0.0609278120100498,1.4479067544525,11.3962870084654,14.903492775946,27.7476865388639,207.924109893734,481.590767828505,1.55097233650218,10.1212210711605,17.5372923914511,0.0530982416865836,0.300094272653703,0.777286351948909,29.2094857991138,220.396402532742,524.901637496464,0.200297871864193,1.33315929529874,10.9094236790432,14.6892759978656,0.0495011984384179,0.227475537458698,26.9318589722076,194.378679820948,434.951362796383,0.159067825944291,14.6526851654379,1.25760490898687,10.9336462952085,0.545847112870284,0.554918501287338,0.405933968396016,26.8439363696332,192.38477292182,420.706167143546,0.0554781015902991,1.49070337437028,11.3947886374579,15.295653456401,0.0528971888687372,28.1811454682292,214.078270300243,502.075207335868,0.15707146220276
"CSAR_33",4.32833194732666,2.64569187164307,0.00828857161104679,4.3594069480896,4.2905101776123,0.0564403757452965,7.8124213218689,12.8820533752441,7.49106168746948,16.0476322174072,-0.263641923666,2.09648627472406,3.58815997133329,16.7855672387823,22.4702134848397,102.942539923302,251.682655163631,1.22630478630756,4.10138776997243,18.2549308714408,0.0520003548403384,0.119349476126727,0.689414850555459,23.5826234277208,102.286210772002,217.682948285315,0.330562980855088,1.6428995418921,3.52702230151031,16.9116748173334,0.0744013020042796,0.222076268168641,22.0815966607358,93.2265803700448,213.303609430979,0.32440393952823,16.7707757337929,1.56192334283273,3.45932937165213,0.769583050682843,0.577546803591465,0.329101286035639,21.7920284482778,89.613510473455,202.021516728329,-0.130942839493029,16.9511774898418,2.03917359488546,3.66204257477548,0.748317274749934,22.6523936595027,104.109867721707,253.34586617931,-0.128753125503386
"Model_42",4.41927719116211,2.2464964389801,0.123598992824554,4.55732440948486,4.43739557266235,-0.0308909192681313,7.96803283691406,12.8017053604126,7.82775640487671,14.8159055709839,-0.311025857925415,1.65287229128484,4.39399114674253,15.8623947666471,21.9092582046745,103.180441168597,240.293612423463,17.8290238870005,1.83689961612508,4.3910318622889,0.741117220204533,0.718833658295783,0.39599493000636,24.0569553654145,119.103823837477,286.967630941929,-0.113105125037923,1.26246450165641,4.17071074622481,15.9664363707417,0.0589947389773071,0.152873425102869,21.3996116186229,92.01382115017,197.482695919669,0.309581523789677,1.31353332269174,4.04607606461471,15.9037477562963,0.061774503142695,0.168366115133103,0.568693326125783,21.2633571436028,90.5525315050166,196.338832901689,0.310956143315817,16.1486928085365,1.83344801251777,4.40578405125609,0.721312622792896,22.3879248723104,108.833217971414,261.666666243458,-0.102405345413281
"Model_41",4.30445623397827,2.04039144515991,0.0359433442354202,4.40938711166382,3.92291688919067,-0.160930082201958,7.75271463394165,11.8976650238037,7.07123517990112,14.3982315063477,-0.15494941174984,1.6406606266205,4.39292108266436,15.7335649091006,21.7671466183854,102.137042113574,237.300595556828,1.57988792505888,4.57942871068171,16.5303689722325,0.0696302254846452,0.255181920981296,0.632946004285931,22.6896856079731,109.050760729276,251.337403409824,0.296405840229793,15.9001836423116,1.27607197770927,4.16807381865618,0.74493713601982,0.580907941294711,21.3443294386771,91.8816801387404,197.795305323275,-0.103541645664091,1.28491612422241,4.06454183103924,15.6957884589786,0.0610549336857833,0.165161993428423,0.565353962686097,21.0452464142403,89.1865557722659,192.204553791586,0.30935868426176,15.7301922761481,1.74134020508728,4.44785315840914,0.717638374302685,21.9193856396445,105.102427173121,248.855699638507,-0.0978109777505172
"CSAR_11",5.2671537399292,5.14127349853516,-0.0670397207140923,5.34454011917114,5.67611312866211,-0.241251483559608,9.59789562225342,26.5233058929443,8.38945484161377,23.4465656280518,0.0964979454874992,1.46112028620469,6.12120855921205,25.8487849316933,33.43111377711,204.937809608506,469.555854781485,1.02408027263071,4.16696031013096,30.2356438902139,0.0289070311790512,0.180214241335331,0.730894676630262,35.4266844729756,161.221756330471,325.673059925409,0.390103166723345,1.20786821705511,5.42350009708509,24.5105136250918,0.0387859738024842,0.239614350651307,31.141881939232,169.089116809199,360.79627029068,0.340294615292996,1.15647642979791,5.19527111598102,24.9755747901284,0.0369159041873283,0.221432742739739,0.495823912396022,31.3273223359073,164.646754469658,346.0325398508,0.347934317262924,27.1541345150881,1.43735965960201,5.90754214711571,0.787098348539225,34.4990363218058,207.935714429389,473.007642201578,-0.121571583362278
"CSAR_32",4.97561073303223,6.59659862518311,0.347726553678513,5.046790599823,6.64605045318604,0.157477810978889,10.3619289398193,26.9301795959473,8.94654560089111,24.0929336547852,0.274866193532944,1.06864644295387,3.99201610964086,34.8939011965603,39.954563749155,180.852312915155,369.666137011425,0.648863884016622,3.55281706618254,28.4666953759568,0.0198621406077384,0.124398341409265,0.37126095449615,32.668376326156,121.913266357044,220.205764112315,0.403537883818048,0.860021525182997,3.73656966165582,31.3533843042581,0.023922729109954,0.228549806740035,35.949975491097,147.332220309893,284.037247504643,0.404104430029921,0.819204003311369,3.7077003718594,31.0601649299496,0.0230197096672273,0.205008341637329,0.44217667705982,35.5870693051204,143.643759502621,273.571824158022,0.404595170446093,34.6348102346365,3.9695296594136,1.04126167865133,0.873610409748072,39.6456015727014,177.681126235856,360.48345105179,-0.230301818410892
"Model_40",5.05674839019775,4.20600652694702,-0.182846456766129,5.09487867355347,5.1753716468811,-0.101953946053982,9.66878509521484,23.7238426208496,8.74631118774414,19.8630352020264,-0.203681156039238,2.28057835172044,4.87387697826987,24.4213941229429,31.5758494529332,185.837031674274,488.862985474784,27.4961986002613,1.76561242458687,3.80339689170813,0.831574949404552,0.769102143822692,0.212721551021413,33.0652079165563,159.841910975188,377.553023467736,-0.163729631581939,24.6528911048089,1.96222606188847,4.24722331269504,0.798801734472157,0.618610150140019,30.8623404793924,161.414891527262,397.734729084191,-0.146786263289128,24.3279138559758,1.87598799158529,4.15540664048017,0.801332937657613,0.601902008441966,0.244702463126985,30.3593084880413,154.526741997978,374.534131625679,-0.147344335705546,2.25480488999724,4.82285205501729,24.8041683460793,0.0707238330744858,31.8818252910938,186.429984757324,488.046980959842,0.33350254697482
"Model_39",4.23621702194214,2.13381719589233,0.0729851201176643,4.3051643371582,3.74607634544373,-0.141969308257103,7.62593603134155,11.9036254882812,7.1385178565979,14.3439693450928,-0.203622862696648,1.56853422075334,4.4489730750544,15.6051489574692,21.6226562532769,100.88246421917,231.403569425595,1.04681347114178,4.71602140708584,16.5620980044662,0.0468898821171046,0.120065573844181,0.648772495640209,22.3249328826938,100.381430775892,204.470041955998,0.306399142099047,1.25685205155648,4.15510192642737,15.8143143054246,0.0592121061872612,0.182552349843911,21.2262682834085,90.8086895949863,194.622816582522,0.308776303526674,1.2089744590421,4.07343288988818,15.6052207794966,0.0578799302442939,0.167149405253727,0.569482371200682,20.8876281284269,87.3578092517893,185.09609869155,0.310327650064494,15.6170394261467,1.54782844966434,4.54361473138491,0.719398020982358,21.708482607196,102.16304446613,233.702044732091,-0.0930239869732264
"CSAR_39",3.58760666847229,2.2491192817688,0.418478518724442,3.63320446014404,2.80814576148987,0.131120190024376,7.04433250427246,11.8093385696411,6.97350406646729,11.5225172042847,-0.0907497480511665,0.494229223258435,4.65524720353249,11.6017704928737,16.7512469196647,62.0438028715698,105.487930098962,0.211701811727587,3.53770837797427,11.9293737964946,0.0135024381938018,0.0428288026373673,0.484284643452823,15.6787839861964,45.4770549423201,70.0902154667819,0.320645679872104,0.35002863150728,4.09454456070844,11.1219912607617,0.0224859269728158,0.117413509789927,15.5665644529774,50.8657120308692,82.3724014354018,0.285859628549946,11.1774133131494,3.91169135206004,0.325184031898157,0.725133253488809,0.421164838734655,0.101485356178905,15.4142886971076,48.6293268882134,78.2615040102547,-0.234177795763655,0.473879437977057,4.59125754830515,11.7860503575346,0.0281214271913567,16.8511873438169,61.8736621347321,104.367789255778,0.274564684244309
"Model_38",4.3632345199585,2.49282455444336,0.184834092855453,4.44921016693115,4.54638004302979,0.0622220039367676,7.92503213882446,15.9830369949341,7.83165407180786,13.6222286224365,-0.249213874340057,1.24465238562009,4.21951042151238,16.1336168232549,21.5977796303874,93.4085327024404,199.737223730105,18.4457499305772,1.33113297188408,4.088755591877,0.772899913612331,0.718239824900794,0.385761704502208,23.8656384943382,105.416586481055,229.676490922529,-0.121507033233775,16.1586090315783,0.942833684456398,3.99375726218322,0.765985107904313,0.54608126975199,21.0951999782179,83.5338919299074,165.4735080968,-0.108009502174416,16.1088438719304,0.982590548141123,3.86496693275432,0.768683687657959,0.54110209678974,0.327456298471338,20.9564013528259,81.8862265969554,164.018861774869,-0.111678293388151,1.38201709537094,4.19772106010272,16.5353747390119,0.062491975598983,22.1151128944855,98.0643836129806,216.106534168473,0.310771772381558
"Model_37",4.61037540435791,3.02918767929077,0.153437823057175,4.74643754959106,4.46803951263428,-0.25581955909729,8.18811893463135,17.851713180542,8.21755123138428,14.4591541290283,-0.161403432488441,1.61910631258943,4.47582898539139,17.1232600595432,23.218195357524,111.612005117733,258.919777163944,21.0903904550131,1.49033650176262,4.36001030998271,0.782843848933416,0.800384940382306,0.376952995230558,26.9407372667584,129.883981069979,293.867597667312,-0.12862218839416,1.25902360383657,4.16543442659577,16.8905739646492,0.056420425662579,0.201254547464161,22.3150319950816,96.8665898444705,207.762214575863,0.317685965060639,1.26739364481043,4.04177171481082,17.1187287514197,0.056509703431608,0.210178051341897,0.531062105546321,22.4278941110409,96.0086774729155,206.127529834391,0.322458854139332,1.69234465623727,4.51113622917881,17.9898190981599,0.0699509640018578,24.1932999835759,119.233896198537,280.768622370848,0.307690118040095
"CSAR_10",4.62805223464966,3.62517285346985,-0.48650786280632,4.70237731933594,3.63442659378052,-0.66497528553009,8.0113582611084,18.7892284393311,7.78212261199951,14.1791839599609,-0.246652483940125,1.44242194360468,6.07901928365106,20.4018637068471,27.9233049341028,162.219929607866,369.037197006424,0.972159858788372,4.85241857811624,19.6934031035237,0.0380970515731494,0.116904139013221,0.554010668171465,25.5179815404283,119.423097625738,237.841292676973,0.328809585869575,1.19916156154987,5.41485052486966,19.9406477047383,0.0451582347874464,0.18312515893352,26.5546597911578,138.380965541135,294.41584644349,0.313196286308048,1.13867933591802,5.25454370598757,19.8379225165335,0.0434094398729634,0.165267697789011,0.561012233459421,26.2311455584391,132.811503673926,277.73770744918,0.317205189504712,20.3951697901488,1.41245748227693,6.01441844690055,0.733057877767109,27.8220457193263,159.967505922813,361.048769348633,-0.0878690812069934
"Model_36",4.25784397125244,2.42382192611694,0.338201373815536,4.39001989364624,4.25251626968384,0.113522134721279,8.05280590057373,15.0550985336304,7.62752532958984,12.1184282302856,-0.227195262908936,1.11789681598062,4.58509335651308,15.2371661184351,20.9401562909288,92.0230698943094,191.063778334985,17.2155645315807,0.829326299791847,4.60457920612597,0.760086858680515,0.68526325047229,0.401592679915536,22.6494700374985,97.3664495307549,185.756972347734,-0.0975269223131065,15.384966637302,0.880627804009265,4.28827841465572,0.748519110977939,0.543000924040336,20.553872855967,83.2998269287821,161.953137067058,-0.0935229781983354,15.3590148923362,0.858951796682868,4.17142506783797,0.753284603851456,0.540788840827081,0.342180309092916,20.3893917568571,80.8446862329865,156.266243248457,-0.0965589931182559,15.5107533905064,1.12787617927992,4.63731551576366,0.729027703734809,21.27594508555,94.6527843368514,197.054897514709,-0.086529628985323
"CSAR_26",4.01466846466064,1.63933110237122,0.0975727364420891,4.29836177825928,2.45568180084229,-0.602017402648926,6.92572164535522,9.62887096405029,6.12634372711182,8.91952228546143,-0.14754730463028,1.38372909973037,4.76157909065749,14.2591687661058,20.4044769564937,94.2157221548831,208.570091251402,0.904662588911627,4.81188879611026,12.2037544984605,0.0504825416928557,0.141598379235342,0.429565449976999,17.9203058834824,74.1165254564855,145.161431646833,0.260751096178652,1.08210500540701,4.28426779087397,14.0196339168956,0.0558188708699615,0.236380444886387,19.3860067131766,79.8706096864555,164.252026474791,0.292387382468247,1.02750762409353,4.29963670218984,13.7660940513693,0.0538152619147184,0.207509430731871,0.546126780133559,19.0932383776527,77.7518793131675,157.662475272705,0.290744861312326,1.36468478759233,4.87967596926248,13.8577381724933,0.0678876764256672,20.1020989293481,93.1919359867184,205.575756062029,0.267025792475642
"CSAR_30",4.382737159729,3.73002505302429,-0.00244979117996991,4.48089742660522,4.5343017578125,-0.385160833597183,8.19292640686035,18.9970436096191,6.92000818252563,17.0927619934082,0.225202947854996,1.21896034981043,2.60781838260698,22.4025886961105,26.2293674285279,88.9085771812749,186.351903084496,0.727767657312797,3.54005157571946,18.7846040786314,0.0315701151012863,0.114159288443651,0.400196611696101,23.0524233116636,82.745629613707,154.193486663767,0.36114846228966,21.6900367406356,0.905915197190933,2.6548317882192,0.858984694334961,0.533400834151613,25.2507837260457,79.6377854005864,157.054245410812,-0.171146057771245,0.861152325499726,2.62952486900746,21.3746141272363,0.0346327060623131,0.163710156021299,0.518260953928415,24.8652913217435,76.8762995312399,150.14272569439,0.394712357800085,21.8890069848596,1.20419458743345,2.7299181186411,0.847651532690075,25.8231196909341,89.4011731250948,187.181177333907,-0.17071296522319
"CSAR_31",3.87691879272461,1.5654149055481,0.050447691231966,4.01402759552002,2.99823260307312,-0.214798405766487,6.63559198379517,10.4863929748535,6.17052364349365,10.2975091934204,-0.0226104278117418,0.198265958600535,5.87628135763547,12.1045834088262,18.1791307250622,74.6949312166181,106.976707250192,10.4944480626514,6.83178027732444,0.120302969012454,0.601520604685743,0.416485624923911,0.0843386252851539,17.4465313089883,73.7801600069142,99.8519045060047,-0.24482835727278,11.1807903701744,5.78160380835909,0.150568858774751,0.653352101900704,0.443044741536196,17.1129630373082,67.1969085182142,94.0430792642177,-0.243401105125111,11.2010478707234,5.62647964228572,0.137750348279042,0.660233682130385,0.442322942057954,0.111800065248053,16.9652778612881,65.340465592485,90.9871103449549,-0.243910340752802,0.191783894404082,6.04809547444427,11.9982613648595,0.0105155397803037,18.2381407337079,76.027630856454,108.182882545591,0.243399856653874
"Model_35",4.11698532104492,1.95143115520477,0.174901679158211,4.28014421463013,3.78812146186829,-0.175716429948807,7.30271244049072,13.9318180084229,6.10792303085327,11.79123878479,0.170642405748367,1.05655416627053,4.25189758641797,16.4903633315987,21.7988150842872,92.0306582395807,187.910123745665,0.546505483845118,4.53453500639859,13.7038560130935,0.0290928131410268,0.0933944587068652,0.401664613863793,18.7848965033373,72.1079955226825,124.853078791388,0.297135940195051,15.6814778715308,0.762568287442397,4.08337375776359,0.763928342438452,0.527965651568545,20.5274199167368,79.1053842820634,148.462594979455,-0.100807830173255,15.5531729898871,0.716286407169745,4.02407439062415,0.766410283818017,0.518522042837624,0.442083149315769,20.293533787681,76.6100413100119,141.733882086093,-0.10127992864406,1.03618609699481,4.30774184205683,16.1826817198679,0.0481351273336936,21.5266096589196,90.9427071777646,184.702694317064,0.31381434337348
"CSAR_35",5.60021591186523,7.01563501358032,0.373967260122299,5.59044122695923,10.1424980163574,0.400726646184921,11.2012386322021,30.4616260528564,9.31158638000488,33.2857666015625,0.238796502351761,1.66906171899388,3.14547345443011,42.5708894519064,47.3854246253304,210.209033961048,481.091174015842,0.962666422588643,3.02948007685253,39.8248661845924,0.0219701518570075,0.111871318485891,0.527684068704708,43.8170126840336,161.903078877421,321.864484939651,0.431667868456219,1.31360193051811,2.92575528758386,41.72413002007,0.0285792486482006,0.21760247223551,45.9634872381719,180.726769563602,387.047679181616,0.43082513741612,40.8939630730459,2.83579893665902,1.25014734897013,0.909160637629406,0.556227639721191,0.19618483416806,44.979909358675,170.635703045844,360.591521278832,-0.229154904376285,42.088880415016,3.14537452115079,1.62464600086354,0.898204600905507,46.8589009370304,205.874943465239,467.813079755069,-0.223996733250635
"CSAR_9",4.87117910385132,4.08815574645996,-0.249615669250488,4.91671323776245,4.79202318191528,-0.16827803850174,8.6610107421875,21.7663631439209,8.10539817810059,19.9845180511475,0.129823312163353,2.05105323005404,4.74725733297521,23.8554508569331,30.6537614199623,171.91364103321,434.845004837039,24.837220802056,1.68302685449971,3.15712929253508,0.836907548961025,0.653621713090227,0.15565233115357,29.6773769490908,125.529560322796,287.180339131245,-0.170213738112261,24.1939547523932,1.76777016028414,4.0792588023482,0.805364930186762,0.619017108737067,30.0409837150256,148.673946144727,353.182182500847,-0.148157659190404,23.9309639954494,1.6825157599124,3.95256178770237,0.809407101745188,0.605878238213944,0.243530039750533,29.5660415430642,141.503085403371,330.215960425857,-0.149735602533773,2.03433627424269,4.59901099819601,23.8644160181594,0.0667044417276936,30.4977632905981,167.656893801672,421.428579767295,0.336872940257139
"Model_32",4.12561416625977,2.40452718734741,0.219057559967041,4.17438364028931,3.85847735404968,0.0063266521319747,7.27634525299072,14.9514026641846,7.3741717338562,11.859335899353,-0.276510804891586,0.959249131902201,4.3381921253417,15.1435703053088,20.4410115625527,84.3835811475755,167.843152641862,0.62389966902509,4.5164914257923,16.2342739348465,0.0291887460299022,0.108070366202534,0.636211046953368,21.3746650296639,86.2683546712173,153.388565672404,0.31963257362103,15.1931634950873,0.756740921661302,4.13526532170277,0.756436898115989,0.541002375981301,20.0851697384513,77.4543751652774,145.083883522536,-0.095585124165537,15.0728342438217,0.726481809959715,4.02057696814739,0.760490191705125,0.531118700959775,0.341106064440401,19.8198930219288,74.4725061409894,138.318279453602,-0.0978582743724071,0.944036790163187,4.40072698257662,15.2220405617064,0.0459009953521108,20.5668043344462,85.5126591164004,169.31864208245,0.305095008229299
"Model_31",4.41217088699341,2.99738788604736,0.317493170499802,4.47138118743896,5.10553932189941,0.276941806077957,8.32290172576904,18.0882244110107,6.55416536331177,15.1306037902832,0.317237883806229,1.16220652418595,3.85796477004209,20.6264204855645,25.6465917797926,108.031915850131,226.162258142255,17.0774393404216,0.769176584376642,4.06125344098823,0.77951164740335,0.375739326334993,0.423490956737008,21.9078693657864,85.6151967963469,160.869930654305,-0.1109659374043,19.9393830563767,0.891341287240192,3.72784246610647,0.811911509774349,0.51258412809266,24.5585668097234,95.4264541681391,186.239202263208,-0.136154519062859,0.860008797172923,3.67148966029662,19.7522439957831,0.0354150023962938,0.214123179189981,0.502556334547196,24.2837424532526,92.6647766050375,179.316494285104,0.360045301928042,20.1163078656346,1.15285622093681,3.89893172955699,0.799278102427738,25.1680958161284,106.118229383464,221.707272308892,-0.133813268253141
"CSAR_23",3.98755097389221,3.43540453910828,0.0977999716997147,3.99090456962585,3.91549134254456,0.120160445570946,7.48823308944702,15.4965572357178,7.28334331512451,15.6686658859253,0.0614319406449795,0.270648312684386,3.43489955604491,17.6479032361012,21.3534511048305,66.3247999931593,104.084620266246,0.245982839200037,2.85035413611421,17.1444262853287,0.0121528440421185,0.242695984666249,0.509933462380884,20.240763260643,53.7860592309398,86.0474347309205,0.3852685196906,0.18316162816689,2.78350434396952,16.6492782359677,0.00933738525271802,0.106595802645534,19.6159442081041,49.9026783909277,78.0069438956083,0.386571889912743,16.5784206582258,2.74917060982707,0.185367506389903,0.849610807354316,0.469177585759413,0.115351168931807,19.5129587744428,49.1596142288265,77.1210505714864,-0.242875215317191,0.293802921751252,3.46910136582306,17.7983780531841,0.0136264122470981,21.5612823407584,67.9928252053252,107.694786090712,0.369108981039323
"CSAR_29",4.85367631912231,3.22659945487976,0.35497584939003,4.98033571243286,5.90923023223877,0.0726331472396851,9.25473499298096,20.7350826263428,7.60284852981567,17.0322113037109,0.0736284852027893,1.16117617948827,6.50651599423088,21.0315858286857,28.6992780024049,168.818937443477,356.416292121507,0.903899027781948,5.95520134749069,21.4993061635788,0.0318741120571635,0.197181288300328,0.52835322904408,28.3584065388514,152.848799682947,296.935836596451,0.318596109255762,0.928704259127887,5.61501303956843,20.0189662267123,0.0349627423087555,0.221611832671661,26.5626835254086,136.213142124661,267.168459075051,0.315237494008176,20.0229731666519,0.899170290294025,5.60383551822451,0.754843890413784,0.450096028677849,0.299495367657105,26.5259789751704,135.24831321623,262.666097632522,-0.091556210136392,1.17138473174447,6.58082695676057,21.4297925432044,0.0401406538921555,29.1820042317095,173.836968455069,368.214390570461,0.300762184796716
"Model_30",3.65251708030701,2.0729238986969,0.0751381441950798,3.77077293395996,2.5463445186615,-0.467958092689514,6.72713279724121,11.9639120101929,5.76448106765747,9.86517906188965,0.0751289054751396,0.702996089543908,3.3217558879533,15.5899300796592,19.6146820571565,65.0807833168023,121.100780117833,11.8100594645119,4.23932928362542,0.325406577794832,0.721234020300013,0.342021974419078,0.0767976781971091,16.3747953259322,55.2893075974931,87.9561464964914,-0.235095695641482,0.49812793556614,3.2989282976336,14.3306530344749,0.0274788131368812,0.17761633401893,18.1277092676746,56.0575837728566,97.734688112223,0.342903913955748,0.455568898417855,3.26256064578823,13.9821712246121,0.0257379184889564,0.149162137373361,0.478111985220329,17.7003007688182,53.4738450818016,91.9561427964388,0.342454815057883,0.678059813527865,3.44912555891502,15.1779631696,0.0351232632088368,19.3051485420429,64.9809810103622,119.783035907465,0.339659921673692
"Model_29",4.51868057250977,3.88376951217651,-0.20803727209568,4.49968290328979,4.65284252166748,-0.273166120052338,7.85618352890015,20.802152633667,7.65905523300171,18.9351406097412,-0.0768931806087494,0.479968234410141,3.8604475756562,24.5856980907343,28.9261139008006,108.565044901462,183.045807196287,20.1736393163103,0.248248808144,3.35549394109766,0.848438203192156,0.403106858540239,0.356364722555156,23.7773820655519,73.5336037835815,114.115574375466,-0.144159060535547,23.0521006040346,0.347228334367601,3.52639951297598,0.856136562680617,0.526648242232186,26.9257284513782,90.5197246687598,145.671962601183,-0.151774258790885,23.0778259052525,0.329363035549278,3.31822344787348,0.86351617590124,0.527789059911405,0.356768626308225,26.7254123886752,85.2712659862049,137.218437708919,-0.156880105357713,24.151634983525,0.468606716891343,3.8091292577792,0.849531107073709,28.4293709581955,105.099301371839,176.63894361896,-0.149510722641901
"Model_28",4.13210678100586,2.41252541542053,0.205511927604675,4.17624521255493,3.85318374633789,-0.00171434588264674,7.31422328948975,15.0454158782959,7.38094806671143,11.9268169403076,-0.27297168970108,0.859455574137243,4.33921707415246,15.8221079196389,21.0207805679286,85.9833239818866,166.010509004098,0.621488285316928,4.50565887974356,16.3580965095352,0.0289262851624895,0.166557232496372,0.58160224150608,21.4852436745956,86.6705823560439,153.962000348008,0.321023190053825,0.684564602920819,4.13029008794365,15.7957382565709,0.0332142119669585,0.197095742567748,20.6105929474354,78.8816348343189,144.153894138832,0.32479198791815,0.667404891160804,4.01572675981382,15.5847660039854,0.0329291622901734,0.187315591819373,0.512737488415055,20.2678976549601,75.6656266273627,137.702500035334,0.326703844768458,0.857045686401858,4.40031201060957,15.8064095480022,0.0406881483465282,21.0637672450137,86.8712173268197,167.545197852589,0.312805647399471
"Model_27",4.20664930343628,2.05445170402527,0.0995603650808334,4.31145048141479,3.56395649909973,-0.194312423467636,7.68886280059814,11.6197595596313,6.9857873916626,13.9937973022461,-0.118609979748726,1.59041545291872,4.45520370003999,15.5570729354528,21.6026920884115,101.137762912993,232.972036970739,16.095336619084,1.11580430342664,4.53167108517722,0.740260119684288,0.617747902003294,0.421827818485362,21.7428120076878,95.9544755261259,199.082682730347,-0.0936838200743682,1.27257588132281,4.13831447572855,15.8167112777705,0.0599491126324546,0.183322734227732,21.2276016348219,90.8488097242951,195.372261501979,0.30882589387152,1.22918080311602,4.04055583478233,15.5521584360301,0.0590330898677472,0.169169850742751,0.574427956227858,20.8218950739284,86.9223527747805,184.985188387067,0.310185265827579,15.4711520334265,1.57951115825297,4.50501243824116,0.717729859135177,21.5556756299207,101.250307026602,232.8943285996,-0.0932543063511804
"CSAR_28",3.67687392234802,2.09330177307129,0.312089532613754,3.78543019294739,3.50724959373474,0.00360374269075692,6.73001861572266,10.7229747772217,6.59732675552368,10.8541707992554,-0.117872424423695,0.99481505741542,3.1676181074874,14.0936222924847,18.2560554573875,61.8149550333222,124.482751167375,0.632067859888402,3.51890049995155,15.2730606946171,0.0325405124815424,0.109348014470949,0.704626469499115,19.4240290544571,65.6221756094354,119.016300489281,0.339722940016629,0.828698670490971,2.82414186649211,13.8668149694267,0.0473010825006109,0.252703624646511,17.5196555064098,52.9936264492056,102.966657230403,0.343625326894414,0.767487603850054,2.91386385875596,13.4415863181263,0.0448221919438189,0.216372602705127,0.539229315514366,17.1229377807324,51.7195578428813,98.9026462068421,0.338753511090757,14.1684301102797,3.35965205667787,0.985529673293295,0.765297999792552,18.5136118402508,64.8754404513575,130.301245697084,-0.21007546980309
"Model_26",4.46541213989258,2.13686919212341,0.0335052721202374,4.47590303421021,4.62093734741211,-0.0885881930589676,7.70433235168457,16.2479381561279,6.85186576843262,15.5659875869751,-0.0872962400317192,1.68570487479705,4.77529863363773,16.6791307127652,23.1401342212,115.813666238153,273.216535930874,16.9500377831161,1.0432500605431,4.50699144319734,0.753325661740449,0.589932559342422,0.394959065688552,22.5002792868566,98.7787222898027,200.976707906724,-0.0997688166754199,16.9227707795247,1.3294743543293,4.37783824589617,0.747799753785596,0.583082641004355,22.6300833797502,102.40376657603,223.528161098799,-0.10491088877913,16.9731053249175,1.26057032401448,4.36572494878651,0.751042278821811,0.586812072496785,0.36740207266933,22.5994005977185,100.999005567587,217.006552936063,-0.10511590462623,16.6501699482767,1.65769148575221,4.81261130997088,0.720148334882025,23.1204727439997,115.709465958372,271.662077319626,-0.093884745677837
"Model_24",3.40682530403137,1.60225832462311,-0.302284419536591,3.48516750335693,2.14022397994995,-0.461944580078125,5.73208904266357,8.09473896026611,5.65316152572632,8.03702831268311,-0.402271181344986,0.363613921255867,6.66865047090071,9.55295561256641,16.585220004723,69.6037237413122,109.353085663046,0.15953994894667,5.47904642530422,8.09542353344797,0.0116164142896997,0.0342113353940944,0.37108790495635,13.7340099076989,46.5208716164592,67.331308086608,0.192082661283246,0.268678834984443,6.04532784316952,8.41024970166496,0.0182473619077086,0.103353787733741,14.7242563798189,54.7266244232567,83.1112426906501,0.178387492959851,8.22015355580158,5.96034176368946,0.24384326894636,0.56988079594796,0.346822987115897,0.0840509527080105,14.4243385884374,52.4527428765678,78.8241640272493,-0.237321259093546,0.345995094351567,6.63589909289296,9.46436488329793,0.0210379207130023,16.4462590705425,68.375182697412,106.551515009796,0.181604149735635
"Model_23",4.55787086486816,3.27608275413513,0.337384015321732,4.57789278030396,5.77371835708618,0.319467633962631,8.45769691467285,19.4290752410889,7.90077686309814,15.4427261352539,-0.085223600268364,1.0002022204572,4.2355984930582,19.6842790888381,24.9200798023535,107.299417516097,215.611060234598,0.793650566794096,4.62879759611143,20.7762089043618,0.0302935591223752,0.235562999387551,0.606029886677097,26.1986570672673,116.331563641327,218.854695584756,0.344769290588552,0.812982684930849,4.09606698403769,19.9488891375819,0.0327051527183186,0.240001672239243,24.8579388065504,101.260119151476,192.548487861218,0.351886864780752,0.800027972397295,4.00171828970278,19.7770102819297,0.0325495706409779,0.234603392261034,0.53696140140736,24.5787565440298,98.1656717661867,186.060261111018,0.353478767726766,19.6928773708526,1.00852300114816,4.3202783778582,0.787032619502543,25.021678749859,109.296532205836,220.122049221445,-0.120503941170937
"CSAR_8",4.49284934997559,3.76920318603516,-0.131601586937904,4.51077604293823,4.85776853561401,-0.265297949314117,8.14380741119385,16.235818862915,7.96734285354614,18.6137428283691,-0.157222673296928,1.95558676840046,3.32569008234351,22.8922875672031,28.1735644179471,127.404183910075,304.461758594679,21.2437399707731,1.59613540325289,1.91446217943918,0.858182527603101,0.52062570419963,0.112202617150672,24.7543375534652,77.6339630515265,167.303664912201,-0.191996160007183,21.7645314830537,1.53758356749536,2.77555916501208,0.834604010432276,0.541700834341961,26.0776742155611,98.1411849552962,217.102352554461,-0.170174270276109,1.49308680611397,2.60033380466529,21.5448539149873,0.0582366338504337,0.182904922152108,0.531969082328319,25.6382745257665,92.0746731670749,201.36136214616,0.380254599232136,1.99980675005311,3.18739428257862,22.8503877539634,0.0713259176912255,28.0375887865952,124.903727554776,298.593631893626,0.361243389933238
"Model_22",3.99441647529602,1.93049013614655,0.13124018907547,4.14405870437622,3.39107084274292,-0.299254208803177,7.13307762145996,13.1965522766113,5.85066938400269,10.5784997940063,0.148142099380493,1.02570576024816,3.89178101803035,17.1487164341462,22.0662032124247,88.3204085371794,178.841238847006,0.519708843314791,4.38382273738989,13.5020579007024,0.0282364682663269,0.10019962440802,0.39088321623955,18.4055894814071,68.4860787647433,117.653561280842,0.30018848680486,0.73973268400667,3.89521433899265,15.9316102058687,0.035967744906199,0.209237777308573,20.566557228868,76.7235866530412,143.195762066234,0.33097753170034,15.6841899221541,3.84626152059876,0.690033042087412,0.775658463273364,0.527809254630803,0.180605234859927,20.2204844848402,73.8021530017271,135.649223130633,-0.224405915844719,1.00005737621046,3.93486980644681,16.7730881577601,0.0460685769992289,21.7080153404174,86.7090642612023,174.420784579655,0.329500977912899
"Model_21",4.12450885772705,2.60022473335266,0.231644496321678,4.20212459564209,3.9412887096405,0.069904126226902,7.40340805053711,15.3158731460571,7.51894330978394,12.4319925308228,-0.220651641488075,1.1236782337265,4.03489288748206,15.8053028868041,20.9638740080127,86.0667003469034,178.690573973105,16.8843922267951,0.688170265148119,4.21712616650845,0.77487992102384,0.604994420335813,0.423834311602148,21.7896886584517,85.7250497729573,156.514947163462,-0.104846727070855,0.891802703820736,3.78170509248938,16.1289820213977,0.0428699983336419,0.179781371217419,20.8024898177078,78.7514580500823,153.949501451505,0.33150426329021,15.9132297214845,0.851419434656895,3.70518124588526,0.777399197206293,0.528116553893146,0.329524638351503,20.4698304020266,75.6648967002127,146.335609233962,-0.114244799305283,15.7988329490138,1.10076801427631,4.10998491485716,0.751982120953972,21.0095858781473,86.8479549993971,179.333671923813,-0.10328179698444
"Model_20",4.45091724395752,3.12466502189636,0.407300502061844,4.53784227371216,5.41376876831055,0.352900415658951,8.89738368988037,18.8729114532471,7.87963533401489,14.4983549118042,-0.104749068617821,1.25026196050342,3.91387531472129,20.6992853593673,25.863422634592,111.787320518971,238.939993232834,20.5757347963453,0.896392955956537,4.24279633851436,0.800147600034865,0.520720779313245,0.428996143290865,25.7149240908162,109.545808742653,213.514629780405,-0.126254845526757,20.0084905337712,0.996594870596645,3.78572575043927,0.8070930155866,0.487483603468941,24.7908111548071,99.4598517398294,199.739393563934,-0.135469890634099,19.6511430143589,0.967005853290246,3.69644452077563,0.808203645458207,0.47004663821181,0.320089444597915,24.3145933884248,95.2166137290869,189.773893341735,-0.135980680561102,20.7178514256433,1.25021090909631,3.97150105487939,0.798696998652436,25.939563389619,113.14786660145,241.955994785561,-0.135170550235568
"CSAR_7",4.27982616424561,3.96446084976196,0.0828597843647003,4.27213096618652,5.12925910949707,-0.0665671676397324,8.2241792678833,20.5929298400879,7.44026565551758,18.9322452545166,0.0472517386078835,1.18633246135398,1.9508829230332,20.5559576175559,23.693173001943,66.8028622185025,138.070655959988,0.752785001897064,1.14719034078867,23.43313509617,0.0297154588937664,0.178521129059062,0.734646522759511,25.3331104388557,45.3859665674136,90.9556438462777,0.443750235074621,21.010822498924,0.892642787058836,1.55249977146491,0.895756045315758,0.592487664350297,23.4559650574477,52.7602840046157,105.333629362185,-0.200359116508448,0.852998161394695,1.47294390574119,20.6521312703054,0.0371222664697823,0.238524985149409,0.572487937773609,22.9780733374413,49.2920793410505,98.2178713027391,0.4240816875839,20.7627070881709,1.17677794208093,1.88180754261951,0.871602874808579,23.8212925728713,65.7189841303625,135.518660517257,-0.190752347814579
"Model_18",4.13984060287476,2.16630625724792,0.2692511677742,4.32346630096436,3.86190104484558,-0.0187719948589802,7.44964218139648,14.8512210845947,6.37690305709839,12.3636541366577,0.14491593837738,1.07126717328327,3.97520816843581,16.6061003951125,21.6525757368316,88.0607861838596,180.430606810083,14.2431192220003,0.688265617697666,4.18610033579896,0.745031006497436,0.399907377461246,0.488221538661245,19.1174851754969,72.3073243406746,132.461357270401,-0.0857746731315242,15.9827710303553,0.828822283462456,3.72551843451973,0.778238499464226,0.504740297180315,20.5371117483374,75.8787775857132,145.767372983104,-0.113946846074108,15.898193235894,0.78236284155802,3.69422415653865,0.780287838853422,0.498924456725481,0.389912336344441,20.3747802339907,74.0598688414934,140.383984087573,-0.114014821971833,1.05843661058741,4.05599770874687,16.3387688828902,0.0493369964666937,21.4532032022245,87.8565767777212,179.452383851177,0.321200325967967
"Model_19",4.05628061294556,1.6989541053772,0.143617674708366,4.20982360839844,3.39293909072876,-0.080903559923172,6.95468616485596,12.5723304748535,6.63360166549683,11.8137187957764,-0.10164013504982,1.7413944644227,4.44619456204007,15.1111912870398,21.2987803135026,101.24441998255,239.542786546624,1.19222962976685,4.12154554651981,12.654442660204,0.0663521357886488,0.112488482713443,0.39611157153157,17.9682178364906,72.1566919985292,152.306673626908,0.278201076006469,1.42203623031522,3.96407494498956,14.4274817681355,0.0717707401365598,0.187692345709858,19.8135929434402,83.3450789743204,184.487226200968,0.296120603011783,14.3134490232024,1.36826775206268,3.88951718775519,0.731351382863624,0.5006312042338,0.304993383771544,19.5712339630203,80.5789376501433,176.324929411489,-0.100947676762318,14.8065960496274,1.7195260242762,4.46536313135012,0.70536200296688,20.9914852052537,99.25546345128,233.936555218456,-0.0904580564087767
"Model_17",3.03936171531677,1.68095588684082,-0.224696069955826,3.03137731552124,1.8510046005249,-0.293854743242264,5.56719970703125,7.41788291931152,5.22650337219238,7.52286911010742,-0.0649136453866959,0.791256224222613,2.72319665404819,9.69321652676134,13.2076694050321,36.2210990244763,70.3151908979196,3.7769961725452,0.395501253081756,9.59544840555002,0.274332585184374,0.277122304250494,0.767623751262596,13.767945831177,41.5307904890203,69.6324816214408,0.272705884552954,0.5894466414024,3.24440285907899,8.59508503126743,0.0474253557210959,0.144534748082623,12.4289345317488,34.8646648223602,63.7308603265709,0.268653771727892,0.556851565330142,2.74588305301749,8.55162076259047,0.0469744281688706,0.142642646128543,0.418199496587579,11.8543553809381,29.7727832118742,54.7029881309262,0.291042964027901,9.71343611470871,2.69307175271514,0.772371135697482,0.737045701110705,13.1788790031213,35.741408993927,69.1247294145278,-0.206044944973247
"Model_16",3.63506460189819,2.60141515731812,-0.036555353552103,3.64483070373535,2.99900722503662,-0.168023273348808,7.11728525161743,12.7323703765869,5.82412910461426,11.3067865371704,0.180936545133591,0.53685417428182,3.28588626127219,16.9967217542148,20.8194621897688,66.7380972772764,117.540486349442,13.3893359516954,3.79751529937152,0.284953742122669,0.766339594387327,0.365909919354339,0.117351800151802,17.4718049931895,55.7436657042854,87.7042879754384,-0.237767989244654,0.40246380125993,3.05941213527042,15.6327809562271,0.0210772994518998,0.260426215786369,19.0946568927574,55.3500508509942,93.693392167891,0.364024424896444,15.1820046932175,2.96521589955057,0.367562881114528,0.819993639927446,0.463545491288459,0.216130912401849,18.5147834738826,51.6881663886787,86.749866865644,-0.235110700256108,0.522669560415135,3.38638926561407,16.611315027854,0.0254707620892699,20.5203738538832,66.7045702104373,116.626350215274,0.357127645899731
"CSAR_25",3.90443587303162,3.19574427604675,0.0191200654953718,3.92382550239563,3.57754445075989,-0.0580815933644772,7.46502447128296,14.9567451477051,7.09505701065063,14.859001159668,-0.151497691869736,0.743140512436479,2.74713797167877,16.9645946667067,20.454873150822,61.25266927695,116.340923942915,0.30759650245981,3.28234145187001,18.3881583757032,0.0139955935145975,0.0527400599488743,0.666764808392713,21.9780963300331,67.0219844136389,107.56544121332,0.377493781749053,0.509405312074801,2.66306365295602,17.0709237797522,0.0251640285053543,0.144430699714974,20.243392744783,55.5135546668796,98.9150002162033,0.382462798910706,0.464710513377884,2.63706852770296,16.6013089521361,0.0235856690858746,0.121255847131631,0.542657330598041,19.7030879932169,52.719065631565,92.7666173016343,0.381930472948631,17.0582739789632,2.85356652931472,0.705838950470995,0.827361489109032,20.6176794587489,62.7314722805584,117.707217634341,-0.224324015759756
"CSAR_6",5.15160512924194,4.97802543640137,-0.139923021197319,5.23117351531982,5.77049016952515,-0.248465672135353,9.20985698699951,23.6782341003418,8.7222146987915,24.7690372467041,-0.076116606593132,2.10437946187924,4.79266508492276,28.5828186337397,35.4798631805417,207.222559362442,530.97689720643,26.6580874935951,1.47970592290041,3.76565544751536,0.835586384632764,0.515800492011405,0.221427466307519,31.9034488640109,145.403365017358,325.847348039115,-0.161475351844407,27.7485931213481,1.77154033634164,4.30518494736186,0.820349798014142,0.557948346944104,33.8253184050516,176.24738619736,421.705918521074,-0.154542252289954,27.5000313088411,1.69293333574378,4.1840119919155,0.823922178702298,0.548142613313107,0.271730254149199,33.3769766365004,168.699433889243,396.866100196499,-0.155982826781711,28.4337328770949,2.06885055812311,4.71449478525971,0.8073847778934,35.2170782204777,202.629414674586,515.177328148948,-0.149597829586874
"Model_13",3.55926752090454,1.08289813995361,-0.0597672313451767,3.80679893493652,2.47586989402771,-0.501945436000824,5.74395942687988,8.29739665985107,5.37694025039673,7.43107175827026,-0.16105979681015,0.858387138682072,4.02465119366378,11.0144194087312,15.8974577410771,57.2385410036912,111.187610648872,9.03468526320616,4.69663858641042,0.397140300360934,0.639466906473379,0.386782610892983,0.0710931869592217,14.1284641499775,47.8859135012376,78.8660935825545,-0.228918074738423,10.0350388700223,4.01151509167325,0.60207820851966,0.685049549569984,0.476391339305913,14.6486321702152,48.7128339177545,87.5985517707653,-0.219174005385439,9.94248262490328,4.00015439584116,0.553463779416417,0.685872895199028,0.467587057469029,0.138480532638877,14.4961008001609,47.4882101581137,83.9963766097726,-0.221364862849346,0.827985792627223,4.12414918100988,10.9040167523205,0.0522185841140606,15.8561517259576,57.4128996408425,110.503400040492,0.265762759185282
"CSAR_24",3.69604992866516,2.13828349113464,-0.0684881210327148,3.68983960151672,2.81478881835938,-0.0407275483012199,6.72823047637939,10.5105714797974,5.66221714019775,10.2899913787842,0.212271079421043,0.494973394653485,5.42945530015222,13.4058389692915,19.3302676640972,82.1093729886509,137.466973850442,12.5539931559155,4.02296329283193,0.247450581965224,0.746177451187339,0.513889597226178,0.0634894391563694,16.8244070307127,54.6062311651661,83.9279451519819,-0.238969124668992,0.328665384896128,5.05025850481496,12.372074974644,0.0185153177805732,0.107918640846602,17.7509988643551,68.2082948017191,106.495022373868,0.272734314946964,12.2440243855218,4.87547530585363,0.299030549463821,0.702930971570416,0.48776631025195,0.0896592974582998,17.4185302408392,64.8146919351389,100.083981961846,-0.237124464062299,13.5285396776541,5.26026914983684,0.491001931238759,0.701694630043426,19.2798107587297,80.3891013286815,134.610455636798,-0.23089963366148
"CSAR_5",4.61834287643433,4.14778804779053,-0.256716340780258,4.63529920578003,5.04396867752075,-0.280119240283966,7.92753648757935,21.7996826171875,7.88054513931274,18.3269748687744,0.0559385754168034,1.39586857784247,3.0431872835845,25.7536918179733,30.1927476794003,118.569966123603,258.161551008198,22.8389975857226,0.876267022362248,2.0605071433857,0.886064549528749,0.497208125346149,0.15517625385257,25.7757717514706,68.8785325404208,135.891358223955,-0.19004523424401,25.0219777868931,1.16820464618446,2.31880766671589,0.877687273358532,0.587956276438778,28.5089900997934,89.9607865258809,186.250358222098,-0.18899798821532,24.6578712325079,1.10558924284928,2.23129953718726,0.880803093916816,0.572043663471424,0.170607653307225,27.9947600125444,84.7474746212301,173.570756062436,-0.190221861086126,25.3642771419059,1.35539269741909,3.03373744353218,0.85248310893522,29.7534072828572,115.439018883831,249.48793879927,-0.173527982492275
"CSAR_4",4.25771808624268,3.80517792701721,-0.140557378530502,4.24881744384766,4.74383354187012,-0.263395071029663,7.42278385162354,18.4349117279053,6.92969417572021,18.4730319976807,0.032669760286808,1.45753241106592,1.78173319831498,22.3903738415566,25.6296394509375,75.125301850552,158.901261815374,20.4655475446853,1.23491337715069,0.843400002749049,0.907810228831156,0.493379672991544,0.118419033916603,22.543860924585,43.5753472347774,87.434606919776,-0.221941363363719,21.2916223391444,1.49259920624788,1.1132623788561,0.890956654961494,0.534746679139026,23.8974839242484,57.1446752811445,116.421480193631,-0.21506130993586,21.1218629559635,1.42180771776624,1.04290726165774,0.895503494140788,0.52640878495949,0.176795937794133,23.5865779353875,53.5421856144431,108.44854906181,-0.216837900420061,22.2504174161044,1.75296718767158,1.41912428988384,0.875225081410178,25.4225088936598,73.0680377730693,153.842427581239,-0.208133824562126
"Model_11",4.0462121963501,2.67773580551147,0.342462658882141,4.05892610549927,3.8117368221283,0.0718101188540459,7.5185022354126,13.9964170455933,7.43980836868286,15.0475149154663,-0.405358344316483,1.79247910162803,3.12508747151744,16.315923441108,21.2334900142534,85.8362937074477,198.465941259324,17.1267393232338,1.24076398644413,3.04475617080535,0.799856705400211,0.591644363867831,0.445145624717844,21.4122594804833,77.1748104019147,163.288873386704,-0.143352351246004,16.6222197943747,1.39253136401288,2.92100302470675,0.793963267289276,0.550139033973653,20.9357541830943,75.768105026172,164.316206401736,-0.14535833056833,1.36205182949204,2.87662983471036,16.1930655414193,0.0666635024300454,0.248574593652841,0.521909666574598,20.4317472056217,72.5553689267803,156.433472751019,0.344408252698178,16.2203533719075,1.79969471172724,3.13780733531902,0.766635041724355,21.1578554189537,85.7351232453994,198.490859432775,-0.138771548207997
"Model_12",4.08422517776489,3.22881245613098,-0.234882727265358,4.21874332427979,2.91759324073792,-0.544152081012726,6.95772743225098,16.6605491638184,6.54782629013062,14.1907787322998,0.0397027544677258,0.813776273895292,3.03928281632012,20.0369238522097,23.8899829424251,79.6767478342897,153.123979313337,0.526439229603138,2.41406465919031,17.4691918972383,0.0257935853195534,0.127777812181589,0.488409051988017,20.4096957860317,52.6390850473044,95.2496490384557,0.391944596346976,19.0184730747137,2.64992165840582,0.681269118705599,0.850951191069507,0.573578200908768,22.3496638518251,65.1594718940891,121.843371432958,-0.22713827633307,0.616258013287348,2.48405142649439,18.7775491426567,0.0281681139388122,0.205534841110442,0.558296757372413,21.8778585824385,59.7470294599392,110.369871920846,0.393717565132138,0.78925171100613,2.9795345212124,19.7042760205053,0.0336237216307193,23.4730622527238,76.6128069007827,146.422498216666,0.379581554220268
"Model_09",4.3158917427063,2.05558681488037,0.140974089503288,4.45373392105103,3.97210264205933,-0.12253674864769,7.74169301986694,11.3867216110229,7.21132230758667,14.2284851074219,-0.16981253027916,1.68262795172023,5.42229172199884,16.0693762005831,23.1742958743022,123.295326725733,293.081784035567,16.3978421221631,1.09342951186337,5.31563218420873,0.718985893607016,0.608653716550123,0.375910572400357,22.8069038182352,110.907050947818,229.022625911934,-0.0751966084511231,1.41311764261981,4.98710364061354,16.1848122241801,0.0625687644942371,0.222629883933103,22.5850335074135,110.633743802457,247.279042593206,0.287462526418242,15.9612023133273,1.35668864689536,4.84311061353011,0.72023830963631,0.570597000451567,0.341447108942036,22.1610015737528,105.526843482703,232.562412201364,-0.0860934658995885,15.9649193139469,1.64759600888373,5.46644829758385,0.691752003102304,23.0789636204145,122.581641746467,289.448625590044,-0.0723561382296485
"Model_10",3.40075540542603,2.28136324882507,-0.056136317551136,3.40595722198486,2.58331322669983,-0.220631346106529,6.48487615585327,11.5635509490967,5.60516738891602,10.2511806488037,0.0690170675516129,0.390472361394293,3.27354742806134,14.850497903342,18.5145176927977,55.690747995486,93.1876145695843,11.6300293745499,2.65864960925906,0.186588415963669,0.803441418618117,0.348116987468021,0.0992552706508432,14.4752673997726,33.5862750301207,53.8308885410479,-0.240332385018673,0.280901424995329,2.69978921759885,13.4894087950956,0.0170552355228968,0.228543102734452,16.4700994376898,40.9661292080795,67.6662541631218,0.364268094409319,0.256854397768228,2.64928384723964,13.0789582459219,0.0160683670513951,0.190672738748413,0.434124401452014,15.9850964909298,38.6897409704346,63.5748096771994,0.36364776183912,0.378969403418798,3.29822818031842,14.575890185825,0.0207619339918338,18.2530877695622,54.8483557379691,91.3202504473682,0.348907854790365
"CSAR_27",3.90062022209167,3.06649279594421,-0.14956334233284,3.94732546806335,3.06025195121765,-0.232114851474762,7.01034164428711,14.3918409347534,6.9631028175354,11.8495779037476,-0.244719281792641,0.653754119402468,3.35923553920447,17.2240142375905,21.2370038961974,71.3159050869472,130.378809023168,16.3653391149884,0.284530675448087,3.45316298311681,0.814073145048937,0.555828072512001,0.430270043707321,20.1030327735533,62.1511550263746,98.3336374676909,-0.121170073366008,0.488344775100714,2.92289966041227,16.3535682480945,0.0247077866569278,0.180046543815792,19.7648126836075,57.2134014644001,100.321015812836,0.370556156155396,16.2217534358287,0.445100571394919,2.9455777876632,0.827115862300049,0.547178672945542,0.323440202450385,19.6124317948868,56.3138266772181,97.1942483043054,-0.1373580102737,17.2936701953155,0.627078240427331,3.49224617833247,0.80762501962,21.4129946140753,73.4281495141896,132.712752899239,-0.127682468942121
"Model_08",4.18817329406738,3.16615295410156,-0.0553967840969563,4.21941137313843,4.39847612380981,-0.0166931189596653,7.48085689544678,16.960111618042,6.97322940826416,15.8011207580566,0.122814834117889,1.55351444850908,3.90822098822539,17.5445757498637,23.0063111865981,101.895308868677,231.423121760351,20.290345817278,0.84337805464094,2.5038402814273,0.858394108870376,0.831049302872005,0.166363091072608,23.6375641533462,70.0279015104401,136.512263178464,-0.170555256925463,1.20636254053074,3.17617592566788,17.6134233041887,0.0548447280061576,0.26407912412016,21.9959617703874,81.0231248109076,170.50702557347,0.350567850409977,17.0613662664891,1.15958366531349,3.06658952255022,0.801471973925124,0.577494356921209,0.254094214704545,21.2875394543528,75.6602557823295,157.61745267821,-0.141958291053578,1.50100969158251,3.79305092827169,17.9472876677411,0.0645835892568956,23.2413482875953,100.707435078985,226.129982319103,0.329160278665508
"Model_07",4.42679262161255,3.05220651626587,-0.0368412658572197,4.45470857620239,4.15788412094116,-0.0965238511562347,7.87144231796265,16.5653095245361,7.71604347229004,17.2032585144043,-0.0280860867351294,1.26447379551576,5.63137869474529,19.5224459568265,26.4182984470876,141.7446383595,307.177018869079,1.13768920512817,3.51488874872486,19.2693557940299,0.047558413007847,0.207665566049393,0.579882442768981,23.921933747883,93.6510309389047,194.628247115869,0.354132466791127,1.09539996535247,4.61101583536345,18.9884407186446,0.0443574136376816,0.23223560010924,24.6948565193605,113.406844734128,234.010541542797,0.326692175871456,18.6560822027158,4.43978376466879,1.04844429695968,0.772690625594993,0.540955431779713,0.212661581948801,24.1443102643442,107.043699832793,218.02957223506,-0.217431945078961,1.29130088229859,5.44817717019085,19.5335483495583,0.0491493009803373,26.2730264020478,138.681156375876,302.377305076371,0.307612246034468
"Model_06",4.47764587402344,3.34494805335999,-0.556945979595184,4.56819725036621,3.38921356201172,-0.728541493415833,7.40290355682373,17.0676860809326,7.10638093948364,14.1407909393311,0.0344811454415321,1.22642610166477,4.0793117402969,21.5604427457101,26.8661805876718,119.39703136049,254.129554952565,1.0588976284514,3.76980492444752,19.6870782677496,0.0431924904288398,0.250101333417474,0.548022840117475,24.5157808206486,99.0548825848253,202.158280586357,0.352277725063363,21.1489603195077,3.58532854903714,1.03141239074933,0.820818347099281,0.635796700410881,25.7657012592942,101.337223231375,205.310770743437,-0.219977169055977,0.990477303982171,3.45697700163268,20.8280140198505,0.0391872977872482,0.264886195802097,0.617341459783977,25.2754683254653,96.0556978904961,192.647478842541,0.368030507436711,21.2565859364923,1.24922774148998,4.0921113904914,0.799182112204969,26.5979250684737,118.650613345181,253.911760826378,-0.134611918600135
"Model_05",3.79610705375671,1.80156445503235,-0.165405288338661,3.82506990432739,2.44795036315918,-0.50884610414505,6.90809917449951,11.9250659942627,6.50475788116455,9.72319316864014,-0.161310330033302,0.867889377849608,5.88946678783107,11.9128796911671,18.6702358568478,85.6109766984771,165.172773311382,0.407424311539012,4.32382168242152,12.0523252816256,0.0242751858260145,0.0697030833457927,0.557298179159545,16.7835712755861,58.7841457787785,96.799455710148,0.288576910288929,0.675768477155912,4.92011590809519,11.8200875623052,0.0388016516787472,0.189602299187996,17.4159719475563,69.4687026568485,126.184801890237,0.259019289788922,11.8699789007729,4.72391652106015,0.618240804421445,0.689628454291865,0.536718542272146,0.159128069713061,17.2121362262545,66.3318126880757,118.210435360158,-0.223060833517643,0.823618353826237,5.82959502671661,11.9301549367165,0.0443201867263912,18.5833683172594,84.1752279162897,160.039582351108,0.23148516726256
"CSAR_3",4.64117956161499,4.01999568939209,-0.262240767478943,4.65277910232544,4.73889541625977,-0.428701430559158,7.92239427566528,21.9268093109131,7.51621675491333,20.0466556549072,0.0199916604906321,1.75803602562724,3.24173294526027,22.6181895218572,27.6179584927447,118.784805452265,275.305710198323,1.31608513308929,1.83234037357161,24.3243527227062,0.0479050615886551,0.150690384529524,0.706616860235582,27.4727782293671,78.9949284696017,165.126270640908,0.414048768192234,1.49943600254932,2.68519054230979,21.3012235392001,0.0588340588053283,0.249048268977869,25.4858500840592,93.1639368329588,204.414293459455,0.376854415360178,21.5031686147244,1.45388061509311,2.50156500931414,0.84463232808927,0.550272989331609,0.202239246402094,25.4586142391317,88.6915910824401,192.356732300445,-0.17630495362541,23.3196047846885,1.73543231478552,3.08243932982149,0.828773854090524,28.1374764292956,117.700227476931,270.582777388946,-0.167838065429381
"CSAR_36",2.86247611045837,1.61777496337891,0.224077790975571,2.87363886833191,2.21848273277283,0.11100135743618,5.68045377731323,8.61737537384033,4.64720344543457,7.50853300094604,0.118865802884102,0.321978105271424,2.45879944155785,9.12819678382471,11.908974330654,26.1751642449342,45.3107456211777,11.5564325801583,1.57820531316346,0.0825039607052627,0.87435186122613,0.849954394754281,0.0169134668911768,13.217141854027,19.3220829478496,34.0439669610816,-0.245318354663032,9.54644102945819,1.88629786979207,0.196809325335736,0.820878063799253,0.575965743938814,11.629548224586,20.2575010074637,35.4310796525761,-0.237307590015428,0.173761855718499,1.82778944604343,9.18051906658176,0.0155393276910881,0.0740531349971795,0.532658948896766,11.1820703683437,18.6928799745741,32.7906839880548,0.36575263552524,9.27660163797932,2.44829363734655,0.308571282311821,0.770900188532242,12.0334665576377,26.3298107365424,45.3715003574347,-0.230767930784918
"Model_04",4.32877635955811,3.04054069519043,0.0196368489414454,4.3770923614502,4.19835042953491,-0.0115426052361727,7.94644117355347,16.8246841430664,7.47928285598755,16.2941837310791,0.0157440137118101,0.926336350050635,5.23435823265373,18.3971700336196,24.557864616324,118.188122063305,231.949748727442,18.7158812112039,3.2681979938496,0.920429191688845,0.817126518806482,0.603239081723676,0.292652556533154,22.9045083967424,81.401993680315,160.606583526634,-0.219860872723869,18.0429758354559,4.23039266013858,0.803323062935703,0.781870130286783,0.559301876092127,23.0766915585301,94.2215831431467,178.615018382039,-0.223891738524404,17.8644086060649,4.04636391335929,0.778329224881479,0.787356361983275,0.548588051238039,0.219478396967702,22.6891017443056,89.3396929086838,168.291021859988,-0.224271924678216,18.4967989654763,5.06377194320693,0.962872256409448,0.754249672077253,24.5234431650927,116.349391713657,231.058889447623,-0.220552495934379
"Model_03",4.13001298904419,2.5842547416687,0.231533840298653,4.32187795639038,3.27532958984375,-0.248167350888252,7.89580631256104,12.1905078887939,7.63071298599243,13.3062992095947,-0.166380673646927,1.01737306201488,5.31361417669118,14.278009757556,20.608996996262,95.7998254945133,193.594714156938,14.9712809005654,5.33762603308862,0.725726344649044,0.711744326724635,0.573461050619482,0.167993245299495,21.0346332783031,94.6498074763189,173.678030299117,-0.224123876975397,14.1073414766621,5.09617950725908,0.860859917562672,0.703103751166267,0.501398414322803,20.0643809014838,88.4250860264028,170.379737749809,-0.217821337655913,0.84056895900615,4.92988179097079,14.2641121201677,0.0419559420614442,0.246302223188542,0.510976268701286,20.0345628701447,86.4542620866367,165.597959122744,0.283981408003066,14.4460043778593,5.31708688151667,1.00500777767427,0.695586261991897,20.7680990370502,96.6727207944071,194.636130909441,-0.213706074787538
"CSAR_2",4.3769965171814,3.36350178718567,0.0253898128867149,4.40748691558838,4.51412534713745,0.0751717463135719,8.57362365722656,16.6984577178955,7.40877151489258,14.4164342880249,0.118404671549797,1.30712736451546,6.94452115590715,15.030976529524,23.2826250499466,133.107708876696,292.832124004231,1.11477917836596,5.07867345397595,19.4835522985297,0.0434154677061128,0.240620807009952,0.749739354954373,25.6770049308716,126.332057690912,262.317131018816,0.319095354510307,1.03266917951992,6.40746495992831,15.3740389266914,0.0452643703774032,0.189729783614091,22.8141730661397,121.001703462655,245.542687895207,0.255410788354716,1.02400269088711,6.22179648894909,15.2733877461647,0.0454724539679001,0.18913162466118,0.459881350004394,22.5191869260009,117.039036751317,236.867059486225,0.258679147576035,15.6110022673841,1.358691655502,6.72935782622264,0.658718434503237,23.6990517491088,135.405681123294,301.838036224815,-0.0370371176409294
"CSAR_38",4.08546209335327,3.88770771026611,0.0506146922707558,4.19933128356934,3.99638319015503,-0.247806206345558,8.02174472808838,15.8177356719971,7.19325971603394,13.6219701766968,0.281633764505386,0.633843918480721,5.17244643748515,17.8139787881445,23.6202691441103,106.711656957051,188.73547807124,0.526925358722199,3.36414576970536,24.6346664998402,0.0184719275479853,0.05664474887412,1.11674488646842,28.5257376282677,97.6278932924655,169.822364046309,0.39769577970777,0.619141428401887,4.36534410003157,18.8806505285817,0.025943343751434,0.193014806899239,23.8651360570152,96.8130947086845,171.70819939567,0.34335458480547,0.532371585099917,4.41949366987929,17.2691953913721,0.0239579736346803,0.172051923939654,0.511803002417756,22.2210606463513,87.8675414903553,150.719786969124,0.332865811387621,0.617723833505383,5.09918151191074,17.9529063658671,0.0260975389682089,23.6698117112833,105.784952320058,186.004371577783,0.318854536683189
"CSAR_1",4.21734380722046,3.50835132598877,-0.279355734586716,4.21205186843872,3.904372215271,-0.373530179262161,7.48444175720215,16.0928592681885,7.00149202346802,15.7216787338257,-0.00621816469356418,1.45655506054544,3.96642394073308,18.7351063047151,24.1580853059937,107.377402940334,239.77409636313,17.9288991098967,0.914392242965745,2.91815420675826,0.823883646000271,0.525122834219174,0.199782226739239,21.7614455596207,71.3816762015322,140.983476852676,-0.149426917707629,1.13757531288002,3.2735220733323,18.2532547338884,0.0501922714071814,0.258309172737631,22.6643521201007,84.2407621433131,174.87800611143,0.354029666406165,1.07427225332184,3.13425158485875,18.2072716623044,0.047924788272564,0.229941713666553,0.542357504380995,22.415795500485,79.9927763315817,163.713174934664,0.359188897464418,1.43044479556858,3.94543633455741,18.6667727713569,0.0594961272341216,24.0426539014829,105.994080372902,235.386938692765,0.332301755699864
"CSAR_21",3.27312898635864,1.24622893333435,-0.154976487159729,3.31951594352722,1.85600817203522,-0.539713025093079,5.75402212142944,6.97852516174316,5.37867736816406,6.65422821044922,-0.151921764016151,0.459672397185511,5.32415003276032,10.1798747926241,15.9636972225699,61.3259529681536,102.203517513477,8.18223828585975,4.42944915013567,0.176957167477295,0.639804962883861,0.360636665144235,0.0438219102595684,12.7886446034727,38.4745369072918,57.676606230457,-0.239622209411314,8.92840617565096,5.05666644312169,0.336465870208531,0.623425072838394,0.387999092802616,14.3215384889812,49.8534715275795,79.3657616696995,-0.232379728068283,8.6576161767667,4.95784903239445,0.302369032041868,0.622051967764947,0.367244002948652,0.129099911400699,13.917834241203,47.0400490209191,73.9365157846977,-0.233706029968367,10.0709524043887,0.436147075524012,5.26481055867171,0.638537271627286,15.7719100385844,59.7103047217742,98.607455206045,0.000356989695217746
"Model_02",4.13393020629883,3.46363282203674,0.184604912996292,4.22554636001587,4.1941065788269,0.0812349915504456,8.0897912979126,16.7865600585938,7.22207880020142,15.7751588821411,0.0768895447254181,1.61815511296636,2.7087032579281,19.4826638556787,23.8095222265731,88.6818292175913,197.885854868199,1.40182889310698,2.11960004870415,18.0200494914151,0.0650757977198428,0.258336007051129,0.452544433594545,21.5414784332262,66.4276404020425,141.512390843614,0.377395986791478,18.1356398420379,1.29157947789734,2.13694268635106,0.841008328389996,0.456806024420287,21.5641620062863,64.9384744803872,136.55757044323,-0.175677287422712,1.28998259580952,2.05216658765959,17.9381176934707,0.0606187226536806,0.179767781445788,0.447108247929028,21.2802668769398,62.5991245839884,131.366238228867,0.382209565223165,19.5125188183516,1.69198856555031,2.68821464171958,0.81667207266829,23.8927220256215,90.0172259455924,202.661243413506,-0.165616103551214
"Model_01",3.98063707351685,3.08186960220337,0.13116243481636,4.02803611755371,3.65249013900757,-0.057541199028492,7.26683950424194,15.5384588241577,7.14054679870605,14.8990163803101,-0.029783833771944,1.30214118730748,2.37937424405063,19.3860097976143,23.0675252289724,74.4681754255734,157.599010415486,0.972312990143991,2.29251279197014,16.2224621423646,0.0498947310632503,0.253896269079882,0.377826585882762,19.4872879244787,55.1925526194661,110.840357033838,0.374347864819619,18.0250511724927,1.93312386722476,1.03397695907978,0.858656662429152,0.465939018092953,20.9921519987972,55.4809497658424,112.501673866582,-0.213058445872807,0.996559497761922,1.929786407002,17.6238492632299,0.0484939188954286,0.262126279062041,0.445558713446865,20.5501951679939,53.4966260901793,107.940073613426,0.39320006887374,1.30034169078628,2.47794217692362,19.0523258929596,0.056956064880334,22.8306097606695,75.2072670837323,159.427738726674,0.375880980381694
